category,id,type
Bangalore '25,1T348nHUulZ9D8Bi3ncJCyo77AIU0plg9,mp4
Bangalore '25,1PjPVZ69-MeQvnEIoZVquWn03hkx5Le6t,jpg
Bangalore '25,17Wi1zfRqWR4EXXAPoi9j42pNx15vp5ZD,jpg
Bangalore '25,1DDbeJ1MmHvl30TUyM-geyFr3i23-CGCQ,jpg
Bangalore '25,1P7bfnTuTQEGSmXITr7c53Id0eOyNoqy6,jpg
Bangalore '25,1uT65jniEhaor4MQK3GtYLs298uyogG0w,jpg
Bangalore '25,1W-X2QgNTlwMTUJGvMUj4Yaz47-26cR_C,jpg
Bangalore '25,1KnJYfZa2nz7KHERnNiz3NBW6IpqsRti7,jpg
Bangalore '25,1Yk2QQ9LwtmW7r2f3S-CRpQXqywWPln3s,jpg
Bangalore '25,1Phyl176GVELP--10UI14Sf4OQJoTV6fK,mp4
Bangalore '25,1D9cQCoQh7_es8Urw2_gQHW1Nc9aQvnXc,jpg
Bangalore '25,1KvtCX7XY8dSZRdmBfZZ9WpCYT0OjV7Ap,jpg
Bangalore '25,1ujNP7VXsRPLMEeB6fGeU9MydmLqmVyLU,jpg
Bangalore '25,131VsgcbPjyojKrdFgdKIaSx1K65a3ZMf,jpg
Bangalore '25,1H5br1SIuw9NQQD4beJO1F_Zu-E1YcScr,jpg
Bangalore '25,1PDg8Iyt4k7aqHUO4Oordg06X-ZniVlI_,mp4
Bangalore '25,1ZMGdr-PyG5UdvyJpZ-50IwayrLjo_c7i,jpg
Bangalore '25,1iCT9CpPoNbmuvvzOdT9qRRSinXF8BPlR,jpg
Bangalore '25,1Rri1TGEpz_R_nziRYteakHvC5C99Dehn,jpg
Bangalore '25,1FsxO2xmL5_6XfP1WkymueFDBHWhFI5QH,jpg
Bangalore '25,1LDlNb7zNIn2SPRPv2ZPAg3gwLPjpNchR,jpg
Bangalore '25,1rYdKP_hCCRJuH9sb-_AYGByzAyhV_YMp,jpg
Bangalore '25,1YWgkCaRu9alUl2xeMN3P7VRcInP7g8NL,jpg
Bangalore '25,1EpRqB91ND6g78juiJDuKrfb1Mo2m5NU4,jpg
Bangalore '25,1E7FvuHB8BjSiEsnXiuK8VjZnQzkJFSAL,jpg
Bangalore '25,1xY8T0dbMJEkL2p69BGtGwxmf0_hlfrOj,jpg
Bangalore '25,1mK2RBPwsnLk5AZ6Lko81m1jWHYMyxDqj,jpg
Bangalore '25,1wkplku57GTYm8JtiojtcRXrlx73pjqLi,jpg
Bangalore '25,1443Hm8uSOG9iQ_Yk1eWoeSyR0-6nSl0E,jpg
Bangalore '25,19NUAnM89eTZnPyHsMhKq8334I8RSSLUr,jpg
Bangalore '25,10efwY8O9Yv24Iwlrni_25MgrxLHPjo27,jpg
Bangalore '25,1JgyUlnBvuipYRW3kCHkrzYnJ1bEmQwsc,jpg
Bangalore '25,1GYWsiZxy-wqELJoYkHNRozkQn4n0eWv2,jpg
Bangalore '25,1VQJrhEDSDqTXufvtFgPUC1fL55KsMOF5,jpg
Bangalore '25,1nSszbLbm-r43Lv2DlZJwk73wia-O0iWb,jpg
Bangalore '25,153_j4SxCBzPTysYgJTVxUrD-apPlq45f,jpg
Bangalore '25,1v4uZXqcgMzENy1CETEVqW6WqXwM3Y4_z,jpg
Bangalore '25,1GKYLg4KitjzNAzEY16DBoooh0u9fCvsN,jpg
Bangalore '25,1NHXoZeqNjNC4lU0aCOiioK6ExSd2NSsZ,jpg
Bangalore '25,1X90mVOV3SDelJ7ey_ucGFXgkGv2PKfqK,jpg
Bangalore '25,1pnYMnpjkVfZrqmZFnlBISa3m00p2CPuJ,jpg
Bangalore '25,1dMzZgBpIFD8HFjEyyrqIYP9e_pd_Sg8x,jpg
Bangalore '25,1U5uNAXwVoavWYJ3ngtitafsINUWR6XvH,jpg
Bangalore '25,1CLxNEYjREOIXPvPgNv_uaUqQvUYu8Tuj,jpg
Bangalore '25,1AN6AhIL3tmPonneGFZUVOHcfzRr3_BsW,jpg
Bangalore '25,1cEI4NKDCSwlcTk1TmWfKZ9p1QeLsQLiW,jpg
Bangalore '25,1wIIn1b3EBADkgU-7mj8QhXSov9_xlYVl,jpg
Bangalore '25,1CwbwXlA0ODnN20CwLQT1FQtYaHGUDAnF,jpg
Bangalore '25,1mKg8W36UnXZPCfm8Rov2gLJlpaHtFBrk,jpg
Bangalore '25,1RgIJflJ7NyVema6F6cuUZU4uUFi7KZSk,jpg
Bangalore '25,1h84pyQ8YbRaAe3z-5ygf2WLkXWIogN3L,jpg
Bangalore '25,1Wnrc1cSUSfSIK5O7A5FxULi5TKnhCCxR,jpg
Bangalore '25,1EkMFi_8onXPE1H6kxDMPfuheiz1zTxJo,jpg
Bangalore '25,1nB9dJrkEeffPPrD_O6vsLLNP-GqMaCGJ,jpg
Bangalore '25,1HblMCHujX2IsBbXgr3loj8620UZ1WkXH,jpg
Bangalore '25,16LaVMXUnPZSwTwcLZ6P-fiR_ceDUoAaX,jpg
Bangalore '25,1ynNBU6OdMNkL5yqRGLCFxI4qrxE8zCXZ,jpg
Bangalore '25,1ttJ2-Fm2aFaaakJvLGk1ifp32g62A2cP,jpg
Bangalore '25,10QMWUbuz3h5rVabeBGy_q6TBOH0Ix9jS,jpg
Kalimpong Trip '25,1YdQfES5jNLWGfS5rYv8A-cPPXtFPBm5r,jpg
Kalimpong Trip '25,1wujj6ecErPlkdXmU99Hj1IHNErQdLzeI,jpg
Kalimpong Trip '25,1t0a1f1dIo5D35zeK2A9GdrVxD8nEG0ig,jpg
Kalimpong Trip '25,13TmTSl6UaWhDBDRQi6735jBKyT7cm8Vu,jpg
Kalimpong Trip '25,1jBOTsZsrgswV3CzU1WbFTlGQpbmOWlv_,jpg
Kalimpong Trip '25,15gQwaFdDrg84UTMFgJFub04NnLexqzS-,jpg
Kalimpong Trip '25,1K8lnB5tTUOT0fVF2i3hoU3XBzhL8nYb1,jpg
Kalimpong Trip '25,1hDXSZHxQphKiyy597CwetV5o54QljumL,jpg
Kalimpong Trip '25,1xq74eCvKy26Z0u0EhNUtB9O_rV8C3y1S,jpg
Kalimpong Trip '25,1bHS4DCB6kPxKlE9QVsuo8FmKjIiLuIIW,jpg
Kalimpong Trip '25,1ah1DDKlpTihicxHHo-6z89X2IL0wHX28,jpg
Kalimpong Trip '25,1a4oSGFoWDWWgr8xeHB3k667uyJXG1DBp,jpg
Kalimpong Trip '25,18-cQrjUf0LdDCdrRFwjVZu33R43N0bwT,jpg
Kalimpong Trip '25,1oDLKvFi3yJ2gsRE9zA2OYKlOZV1aMgbL,jpg
Kalimpong Trip '25,1CBcYYX4cVEjfwlT2Z-bA2Q0mGdfq2_zf,jpg
Kalimpong Trip '25,11BqIoN_pjYagEC9-7Jqq6My0CJdTOWlz,jpg
Kalimpong Trip '25,1GjLKW_a28EMjBpPbJJbQcqdzwPMZR9gs,jpg
Kalimpong Trip '25,1mT6RRa6RSBd4Fl99qPtGpOl09bAY3MPp,jpg
Kalimpong Trip '25,19s41INAJAoZ3YTo5oPJiVaYPNM90Ztbx,jpg
Kalimpong Trip '25,1cA0pxkv1XERmJquHOsPdvBRBxQuVHLgs,jpg
Kalimpong Trip '25,1TAyyqohGLx-GKwu0VWOCOIZzDQuEmgQw,jpg
Kalimpong Trip '25,1ZbzchrHAvzK4hP_HHjc2vBFXAcBJVAZm,jpg
Kalimpong Trip '25,1Bys_RmpGRO2dS_YSniwCL3dXvVgRTR5x,jpg
Kalimpong Trip '25,1IvPO61rGZ1LKVH8TIiDjScsHJCTLvcYN,jpg
Kalimpong Trip '25,16m1rIzi5XTt4P4NCLmV-aV2UjJ3J4asL,jpg
Kalimpong Trip '25,1u0YQi3Q2WM9PGCEJiKIgX0pnJcsoSLqv,jpg
Kalimpong Trip '25,1LMwctHBCn2-_J_59j6vS5jmfs1PBrjaU,mp4
Kalimpong Trip '25,1qzvc4diOqoPmBMPuEzKgZ68t1iOk_EGq,mp4
Kalimpong Trip '25,1lbzKPXG2zyKSEpPwuJ72QJ6j02qBvmUb,jpg
Kalimpong Trip '25,1xjFEEsyi0kfT-OsYH9Z3OxtiwZgx9wKd,mp4
Kalimpong Trip '25,105O2Za3HX1ywXyHEyKgpIK7ue07eIpUX,jpg
Kalimpong Trip '25,1xRryNBmRquJuoKUqTnjmNXPi3eW4fZ2D,jpg
Kalimpong Trip '25,1UhHvprDljBYrv8HtXm0xOleJ2XguGp8X,jpg
Kalimpong Trip '25,1sMm2kwC4DHibc6YJAhmb2RHFQbYretj8,jpg
Kalimpong Trip '25,1xBoBL5c5dzx9ZnT-gTu_taoD0nW8ezdJ,jpg
Kalimpong Trip '25,1dZEly-bQf_QhSqSzvhaxdGnSAfQpql63,jpg
Kalimpong Trip '25,14FLLHauzZVf6XZu7N12HkuJntwH6IhIj,jpg
Kalimpong Trip '25,18LAzpbi7_iVTjOb9ayeqs_eSuVncGypE,jpg
Kalimpong Trip '25,1uQnD3DSn09Zo72CTkGKJ6sbcpOQSjnki,mp4
Sandakphu Trek '25,13HBOwC3_JPiXwa0em4LpqYIHZKa01rbU,jpg
Sandakphu Trek '25,17A7yzp89fsgN_ksXlFq8qmzRr7AlHjBr,jpg
Sandakphu Trek '25,1y-Q9VWBeoBOAW9zuaeHIT3QXtB6y1AC5,jpg
Sandakphu Trek '25,1_Zklg9xLISJ3x37eGwjrw3FeWH-4sKkl,jpg
Sandakphu Trek '25,1xVD-t0VztrFnnaGSJ-u7hi6H2PXodxQD,jpg
Sandakphu Trek '25,17C_GGkphCYmnPG8jCIoB_bN8H5aJSNRD,jpg
Sandakphu Trek '25,14zkv_mWlWDzCK0zvcwFzp3PzgtJ_A-vp,jpg
Sandakphu Trek '25,1McRZY2SgJQ2t0cY610AwjxvJMcvsNiPW,jpg
Sandakphu Trek '25,1SkM_JrA1b3mAQLQPdi2sZZssT_OJ02a4,jpg
Sandakphu Trek '25,1UK0IV_5uWldyuUmaxFXgTv8mhM1g56Pb,jpg
Sandakphu Trek '25,16C81HONVvJgflwk617yI84zhulIsKNbA,jpg
Sandakphu Trek '25,17BwqNHSrRQYJV3HkVQ-tGxFNkO5s4MV2,jpg
Sandakphu Trek '25,1I3ALkia17P0jHcnuCI2NBWtfURv5NWJ_,jpg
Sandakphu Trek '25,1xYuQz_ub1vZJgaBEHbi_0hFemglJ1dHZ,jpg
Sandakphu Trek '25,10b2IbTa9Re2jmqMNFkkIVWUorCWmAQdo,jpg
Sandakphu Trek '25,1YuBzCjMn3n1CargpyBPaTTKyvcC1nKcp,jpg
Sandakphu Trek '25,1k7vpnsQ-xBl4WT9yGXXtf9FGmjVERgBG,jpg
Sandakphu Trek '25,1AIrGr9xE0_jeQg5R65haRQUX3X8hmxAZ,jpg
Sandakphu Trek '25,1_V1sfNgnLNN-gBddP7vFNAMxdmVeooLn,jpg
Sandakphu Trek '25,1BYz0R_KzC5Yp_mXHboHuE88Oo5iE2ohQ,mp4
Sandakphu Trek '25,1yDxp0rst785DOpJBquZbhJ-2sZWDx7q5,jpg
Sandakphu Trek '25,1oU6ZiJ2r_ncsRDqXsBgCZwKvx3oVDIC3,jpg
Sandakphu Trek '25,1F4x6MZLV5R2BaEYfVkWKPF9uFDF6M0k0,jpg
Sandakphu Trek '25,1VYipLtxjG874fmwcLQ_upUZ_27ix6Qug,jpg
Sandakphu Trek '25,1LIM9ax5exjQxlYZavqcQmYAiUypOSzSI,jpg
Sandakphu Trek '25,1WUEpsDb4KxfPoR2gWZz9ZdgqvupqKCYK,jpg
Sandakphu Trek '25,1rYCtRfcSL-Ns9gcSf8QZAuUikmwK7TXw,jpg
Sandakphu Trek '25,1mUONmian5dfYeUCfXxqlEcebQbl_284i,jpg
Sandakphu Trek '25,16Zt0YxHIscJbY8j6CV76lCJXfbSFj-oH,jpg
Sandakphu Trek '25,17LgboLg5WYjjOFmZp1biZGEjhK_NIOQG,jpg
Sandakphu Trek '25,1fX09eRCX4H55k1UJLccD9pIz8WFv0HKg,jpg
Sandakphu Trek '25,1gT8ZOhbXp7hMmsz02NyH2ZR7HrIuIuic,jpg
Sandakphu Trek '25,1y11im9ckYxcnXNuYEUbw69CDRrOMxOSi,jpg
Sandakphu Trek '25,1VBbHNZcw_N8C4pImFVhR0EWDMKaN6LYA,jpg
Sandakphu Trek '25,1BMEtsU_vLBk931cPKPIwSZlf6c3n1hyo,jpg
Sandakphu Trek '25,1OglYB1SjLXghHPrawPMTZ_2TJt25E7j-,jpg
Sandakphu Trek '25,1lQYm439Nh2BK6DP5WQ2fW7TZAFyc8eYU,jpg
Sandakphu Trek '25,1IpfbO7DfQoJeMMbSu6glKqYtpZ-vH3FV,jpg
Sandakphu Trek '25,17sUHqe52zWvROdDBO2_qRnEpStdYEGmM,jpg
Sandakphu Trek '25,1QHargEXHgGeEFmhBALs2oEV_dHZ2bVh8,jpg
Sandakphu Trek '25,1TmvgL_6wwq-KFxWgkr6_-lCuW-5q4S-y,jpg
Sandakphu Trek '25,1NaJNQQgoRctQqBFdtNRjQ8NzXxFMFLVg,jpg
Sandakphu Trek '25,1i7Bsoc-vQX9yaVwNYn6Hv2zINVR-EVWP,jpg
Sandakphu Trek '25,1Yby16nXt5Ew0Qoh7SPzmvg7oGTh4pOSd,jpg
Sandakphu Trek '25,1PmEaXu8924En7-hJXqWHYOEgs618Zh7q,jpg
Sandakphu Trek '25,1LNIWy9tdF63Mjd-0gIlpxtCNRZa1pR3T,jpg
Sandakphu Trek '25,1oCBocpx0X7X9ntjx3I-9rrUMDNC__601,jpg
Sandakphu Trek '25,18Q1N3kz5Ty46_xxgaQ7qvhAp_N3R4Z42,jpg
Sandakphu Trek '25,1PsCbvsXf_9byaVPS1qLhpaxdznuthqrz,jpg
Sandakphu Trek '25,1ELUiPal2kK0NcE9wAbyibWXpK8mAxXbq,mp4
Sandakphu Trek '25,1iuisKg5joSo5pXB6RqCTtEbBz-X7joVN,jpg
Sandakphu Trek '25,1Kdr0JxJwHVchsiPs7TH6fVmxhPR0CIoq,jpg
Sandakphu Trek '25,1CKOXJwlEr4NYFG34eUv2ILPmeeiFzdqT,jpg
Sandakphu Trek '25,1T_afGcT4-RD4mduRCFf2DNLVnwzewKgh,jpg
Sandakphu Trek '25,1dpS5KjpcvICStRemeuAdYK_Il3O7I3ZV,mp4
Sandakphu Trek '25,149uj5TJ6eq28oTaTCfozO6hues6D0v7I,mp4
Sandakphu Trek '25,1dIZd-tGe1XJgJieWNGC-3afI2T3UFZdH,jpg
Sandakphu Trek '25,1YJxnbLMHPMJ0xuBAvLP1TVo_OyR9k5Sz,mp4
Sandakphu Trek '25,1ZGo-3UvwsUiZ4SufcxxRWzwVqD8lp7tP,mp4
Sandakphu Trek '25,10IV8Uxq36DHhGDpEg0lwFr6XHov_v4l5,jpg
Sandakphu Trek '25,1UbYiEkUkxsd1ToVmL8CWSiyIU2h1U8M4,mp4
Sandakphu Trek '25,10f6SBVCpik8mK5r0PjQyvFE6l0hnKwim,jpg
Sandakphu Trek '25,1rPIeJHDubHK954qfV0v1xhjJ-bSZ2hP_,jpg
Sandakphu Trek '25,15KBF9PPVRvgGTZ7rRr-Lngm9wgiXXkLm,jpg
Sandakphu Trek '25,1P9qRAcIQXPLxC_8iJ4oLf5cWvrrKi_Hg,jpg
Sandakphu Trek '25,1ca2G4nZrB1YTy4GBY3MFqwCNuQ2JPyRA,jpg